Core/ House Funders,Quick Info Updated ,POS,Submissions Email 1,Submissions Email 2,Primary Contact,Primary Contact Information,When commissions pays,Unique Industry,Renewal Emails
,,,,,,,,,
,,,,,,,,,
Direct (House),,,direct@capital-infusion.com,,,,,,
Idea [Portal],"NO REAL ESTATE, TRUCKING, No SD, ND, VT",1,(Portal),,Sebastian / Darwin,305-680-3779/ svisbal@ideafinancial.com  /  dcruz@ideafinancial.com  305-506-1361,They send out a commission report 1 time a month,,
Channel Partner  [Portal],NO TRUCKING / 650 credit 5 years TIB/ EMAIL ONLY FOR RENEWALS ,1,leland.white@channelpartnersllc.com / Paul.thompson@channelpartnersllc.com, EliteSalesTeam@channelpartnersllc.com ,Leland White,leland.white@channelpartnersllc.com / 952-960-8399 / 404-388-9566,Next available Payroll after commission is paid to us,,EliteRenewals@channelpartnersllc.com / Paul.thompson@channelpartnersllc.com
CAN  [Portal],ar,1,canprequal@cancapital.com,,Lizzy / Mark,L: (678)239-3748 / EHodorowski@cancapital.com / M: 973-270-6117 / mcisco@cancapital.com,Next available Payroll after commission is paid to us,,renewalleadgroup@cancapital.com
Wall ,50k min,2-Jan,ISO@wallfunding.com,,Jason,646-518-2488 / Jason@wallfunding.com,Next available Payroll after commission is paid to us,,
Fund So Fast,"NO CALI, MD, DAKOTAS / Ask me ",   ,frank@fundsofast.com,,Frank,(347)248-7204 / frank@fundsofast.com,Next available Payroll after commission is paid to us,,
LG ,,3-Feb,chaim@lgfunding.com,zk@lgfunding.com,Chaim Zagelbaum,(718)362-2264 / chaim@lgfunding.com,Next available Payroll after commission is paid to us,,
Legend,,,apps@LegendFunding.com,biancar@legendfunding.com,Kevin Duffy / Bianca,(609)221-5386 / (908)487-8625 / biancar@legendfunding.com,Next available Payroll after commission is paid to us,"cannabis,  real estate, new car sales, trucking ",
Pinnacle ,"NO CALI , UTAH. UTAH  NO TRUCKING ",,submissions@pbffunding.com,brandon@pbffunding.com,Brandon Hochman,(443)835-5475 /  brandon@pbffunding.com,Next available Payroll after commission is paid to us,,
Specialty,,,boris@specialtycapital.com / / benjamin@specialtycapital.com,submissions@specialtycapital.com,Boris Kalendarev,917-353-5795 /  boris@specialtycapital.com,Next available Payroll after commission is paid to us,,
Britecap  [Portal],"No NV ND RI SD VT CA, No Real Estate, Insurance, Auto Dealers / 660+ Fico, 3+ TIB, 300k Annual",,(Portal),,Daniel Padilla,O: 818-338-0747 Ext:150 / C: 707-486-3964 / daniel.padilla@britecap.com,,,
,,,,,,,,,
,,,,,,,,,
,,,,,,,,,
,,,,,,,,,
,,,,,,,,,
,,,,,,,,,
,,,,,,,,,
,,,,,,,,,
,,,,,,,,,
,,,,,,,,,
,,,,,,,,,
,,,,,,,,,
,,,,,,,,,
,,,,,,,,,
,,,,,,,,,
,,,,,,,,,
,,,,,,,,,
,,,,,,,,,
,,,,,,,,,
,,,,,,,,,
,,,,,,,,,
,,,,,,,,,
,,,,,,,,,
,,,,,,,,,
,,,,,,,,,
,,,,,,,,,
,,,,,,,,,
,,,,,,,,,
,,,,,,,,,
,,,,,,,,,
,,,,,,,,,
,,,,,,,,,
,,,,,,,,,
,,,,,,,,,
,,,,,,,,,
,,,,,,,,,
,,,,,,,,,
,,,,,,,,,
,,,,,,,,,
,,,,,,,,,
,,,,,,,,,
,,,,,,,,,
,,,,,,,,,
,,,,,,,,,
,,,,,,,,,
,,,,,,,,,
,,,,,,,,,
,,,,,,,,,
,,,,,,,,,
,,,,,,,,,
,,,,,,,,,
,,,,,,,,,
,,,,,,,,,
,,,,,,,,,
,,,,,,,,,
,,,,,,,,,
,,,,,,,,,
,,,,,,,,,
,,,,,,,,,
,,,,,,,,,
,,,,,,,,,
,,,,,,,,,
,,,,,,,,,
,,,,,,,,,
,,,,,,,,,
,,,,,,,,,
,,,,,,,,,
,,,,,,,,,
,,,,,,,,,
,,,,,,,,,
,,,,,,,,,
,,,,,,,,,
,,,,,,,,,
,,,,,,,,,
,,,,,,,,,
,,,,,,,,,
,,,,,,,,,
